{
  "n_components": 512,
  "explained_variance_ratio": [
    0.18556314706802368,
    0.06071744114160538,
    0.039948638528585434,
    0.03888364136219025,
    0.03293761610984802,
    0.03034365363419056,
    0.025381948798894882,
    0.02204873599112034,
    0.019728945568203926,
    0.017591647803783417,
    0.015372984111309052,
    0.015153292566537857,
    0.013528880663216114,
    0.012921749614179134,
    0.010718051344156265,
    0.00997812021523714,
    0.009130820631980896,
    0.008604672737419605,
    0.008069341070950031,
    0.007715357001870871,
    0.007377848494797945,
    0.006721416488289833,
    0.006533773150295019,
    0.006201164331287146,
    0.006116748321801424,
    0.005762228276580572,
    0.005421995185315609,
    0.005391071084886789,
    0.0052262586541473866,
    0.00507600512355566,
    0.0047178263776004314,
    0.004631413612514734,
    0.0043754433281719685,
    0.004227866418659687,
    0.004106758162379265,
    0.003920818213373423,
    0.003881793702021241,
    0.0038101442623883486,
    0.0036618467420339584,
    0.00363524304702878,
    0.0034836935810744762,
    0.0034468225203454494,
    0.003311829874292016,
    0.0031719000544399023,
    0.0031299355905503035,
    0.0030044412706047297,
    0.0029779933393001556,
    0.0028749683406203985,
    0.0027600452303886414,
    0.0027457335963845253,
    0.002666360465809703,
    0.00261591630987823,
    0.002567366696894169,
    0.0025514375884085894,
    0.002521875547245145,
    0.0024261921644210815,
    0.0023834644816815853,
    0.0023307171650230885,
    0.0022480140905827284,
    0.0022140450309962034,
    0.0021858850959688425,
    0.002160207601264119,
    0.0021277626510709524,
    0.002066215965896845,
    0.002009212737902999,
    0.001963285729289055,
    0.0019376958953216672,
    0.001908236532472074,
    0.0018661456415429711,
    0.0018208239926025271,
    0.0017790815327316523,
    0.0017658108845353127,
    0.0017499200766906142,
    0.0017296734731644392,
    0.0016988859279081225,
    0.0016882973723113537,
    0.0016373369144275784,
    0.001627221005037427,
    0.0016062057111412287,
    0.0015658162301406264,
    0.0015294793993234634,
    0.001517659518867731,
    0.0014922925038263202,
    0.0014616637490689754,
    0.0014504470163956285,
    0.0014255770947784185,
    0.0014204542385414243,
    0.0013856282457709312,
    0.00137266144156456,
    0.0013378174044191837,
    0.0013277613325044513,
    0.0013080051867291331,
    0.0012963390909135342,
    0.001268330030143261,
    0.0012494857655838132,
    0.0012381706619635224,
    0.0012152192648500204,
    0.0011940456461161375,
    0.00118081527762115,
    0.001164562301710248,
    0.0011531088966876268,
    0.0011380949290469289,
    0.0011192259844392538,
    0.0011042470578104258,
    0.0010919059859588742,
    0.0010789007646963,
    0.0010665195295587182,
    0.0010538250207901,
    0.0010461249621585011,
    0.0010320207802578807,
    0.0010220097610726953,
    0.0010141897946596146,
    0.0010016222950071096,
    0.0009961134055629373,
    0.0009715117048472166,
    0.0009645760874263942,
    0.0009531453833915293,
    0.0009444333263672888,
    0.0009298246586695313,
    0.0009261710220016539,
    0.0009178692125715315,
    0.0009023146703839302,
    0.000886535388417542,
    0.000879384926520288,
    0.0008720785845071077,
    0.0008593514212407172,
    0.0008506177691742778,
    0.0008359223720617592,
    0.0008269840618595481,
    0.000824462971650064,
    0.0008184953476302326,
    0.0008036658400669694,
    0.0008000871748663485,
    0.000789899320807308,
    0.0007839573081582785,
    0.0007786788628436625,
    0.000773578358348459,
    0.0007609619642607868,
    0.0007561530219390988,
    0.000753976171836257,
    0.0007476951577700675,
    0.0007384921191260219,
    0.0007300712750293314,
    0.00071826291969046,
    0.0007012457936070859,
    0.0006962086772546172,
    0.0006856617983430624,
    0.0006797442911192775,
    0.0006728263688273728,
    0.0006676202756352723,
    0.0006645898101851344,
    0.0006624422967433929,
    0.0006593527505174279,
    0.000654222967568785,
    0.0006468169158324599,
    0.0006362098501995206,
    0.0006333841010928154,
    0.0006308104493655264,
    0.0006240207003429532,
    0.0006219710921868682,
    0.0006116782897152007,
    0.000608727103099227,
    0.0006061497260816395,
    0.0005936911329627037,
    0.0005896070506423712,
    0.0005864659906364977,
    0.0005807221168652177,
    0.0005733593716286123,
    0.0005700296605937183,
    0.0005650496459566057,
    0.0005611930973827839,
    0.0005556723335757852,
    0.0005516803357750177,
    0.0005473964847624302,
    0.000539173255674541,
    0.0005365079850889742,
    0.0005269187386147678,
    0.0005221870960667729,
    0.0005211051320657134,
    0.000519363209605217,
    0.0005145739414729178,
    0.0005131346406415105,
    0.0005055727087892592,
    0.0005028647719882429,
    0.0004985822597518563,
    0.0004949590656906366,
    0.0004921635263599455,
    0.0004838446038775146,
    0.00048228786909021437,
    0.00047911639558151364,
    0.00047429444384761155,
    0.00047082986566238105,
    0.00046874425606802106,
    0.0004652098286896944,
    0.0004634940705727786,
    0.00046061264583840966,
    0.00045318694901652634,
    0.0004509921418502927,
    0.0004463400400709361,
    0.0004416041192598641,
    0.00044060603249818087,
    0.00043726147850975394,
    0.00043484242632985115,
    0.0004301564476918429,
    0.00042846545693464577,
    0.00042436562944203615,
    0.00041979929665103555,
    0.00041628110921010375,
    0.0004144229169469327,
    0.00041221966966986656,
    0.0004081351216882467,
    0.0004046076792292297,
    0.00040128768887370825,
    0.00040043561602942646,
    0.00039772337186150253,
    0.00039403472328558564,
    0.00039298488991335034,
    0.00039162099710665643,
    0.00038912449963390827,
    0.00038548719021491706,
    0.00038381770718842745,
    0.0003823536681011319,
    0.00037837884156033397,
    0.0003775348886847496,
    0.0003750182513613254,
    0.0003734562487807125,
    0.00037024778430350125,
    0.00036733257002197206,
    0.00036686775274574757,
    0.0003629738057497889,
    0.00036139669828116894,
    0.00036038493271917105,
    0.000355392083292827,
    0.0003532193077262491,
    0.0003526919463183731,
    0.00035019172355532646,
    0.00034742249408736825,
    0.0003459255676716566,
    0.00034308142494410276,
    0.0003418846463318914,
    0.00033927345066331327,
    0.0003385016752872616,
    0.00033519856515340507,
    0.00033411162439733744,
    0.00033193526905961335,
    0.00033085461473092437,
    0.0003248601860832423,
    0.0003243860846851021,
    0.0003212869050912559,
    0.00031968351686373353,
    0.00031803257297724485,
    0.00031680939719080925,
    0.00031437506549991667,
    0.0003135600418318063,
    0.00031133455922827125,
    0.00031094386940822005,
    0.00030978221911937,
    0.0003067742509301752,
    0.00030477982363663614,
    0.00030313385650515556,
    0.0003016054688487202,
    0.00030081169097684324,
    0.00029831696883775294,
    0.0002978441189043224,
    0.0002962966973427683,
    0.00029265854391269386,
    0.0002913549542427063,
    0.00029077479848638177,
    0.0002896564838010818,
    0.0002879163366742432,
    0.0002845925628207624,
    0.0002836126077454537,
    0.0002820212102960795,
    0.00027939860592596233,
    0.00027817755471915007,
    0.0002769445418380201,
    0.0002745437668636441,
    0.0002735825255513191,
    0.0002726125530898571,
    0.0002710006956476718,
    0.00027064536698162556,
    0.0002682734339032322,
    0.0002665111387614161,
    0.00026523839915171266,
    0.00026391164283268154,
    0.0002635908895172179,
    0.0002630333765409887,
    0.00025986949913203716,
    0.00025913005811162293,
    0.0002579160500317812,
    0.0002572778903413564,
    0.0002549869823269546,
    0.0002538532135076821,
    0.0002521520364098251,
    0.0002509955666027963,
